Mouse ID#,Sex,Tansoral Exposure,Body Weight (g),Spleen Weight (g),BALF Cell Number,BALF Protein (ug/ml),LDH Activity(milliunits/mL),TGF-b (pg/ml),IL-6 (pg/ml),TNF-a (pg/ml),Perivasculitis & Peribronchitis,Alveolitis,Total Lung Score,ANA Score Pre,ANA Score 4 wk,ANA score 8wk,ANA Score 12 wk,ENA5 (U),IgM RF (ng/ml),anti-chromatin (U),anti-SSA (U),anti-SSB (U),anti-RNP (U),anti-Sm (U),anti-dsDNA  (U),Total IgM (ug/ml),Total IgG (ug/ml),Urine Protein (ug/ml),GN Score
41,F,5mg,22.5,0.1,660000,26.7,1.265352369,37.21492,65.32328,16.34539,0,0,0,0,0,2,0,52.773949,593.4024,10.2375,NA,NA,NA,NA,NA,70.71389,2242.06192,12373.75,0
42,F,5mg,25,0.12,370000,10.95,0.211345455,47.47022,68.00781,17.29462,0,0,0,0,1,3,3,98.08752584,4043.52,15.55,NA,NA,NA,NA,NA,367.9243,3576.47974,NA,0
43,F,5mg,23.7,0.13,3600000,174.3,3.385906218,125.64576,111.3317,35.45762,125,30,155,0,0,0,1,472.1743625,3961.482,11.96875,10.81993027,17.35864297,539.3370857,201.0553471,1376.497006,513.3804,3542.192297,NA,0
44,F,5mg,26.7,0.14,310000,93.15,0.640659835,41.30778,102.5436,29.26209,0,0,0,0,0,2,2,59.30392833,866.0226,10.09375,NA,NA,NA,NA,NA,269.7781,1846.080145,6625.625,0
45,F,5mg,20.5,0.05,380000,87.9,2.59987662,62.32196,115.1517,26.55038,0,0,0,0,0,0,0,NA,353.9956,10.3625,NA,NA,NA,NA,NA,104.8302,1429.234021,NA,0
46,F,5mg,22.9,0.11,3400000,67.95,2.177818532,56.0246,49.20195,13.42353,0,0,0,0,0,0,0,NA,1191.0454,9.29375,NA,NA,NA,NA,NA,315.4692,222.2699821,3241.875,0
47,F,5mg,22.9,0.06,840000,46.7,2.365375502,52.89562,115.4046,27.75707,1,0,1,0,0,1,1,42.60854583,932.824,9.925,NA,NA,NA,NA,NA,148.6094,634.9892025,8698.125,0
48,F,5mg,19.7,0.08,1100000,84.25,4.364635288,43.92228,71.5356,20.91467,12,1,13,0,1,2,1,50.77532736,520.2702,11.5,NA,NA,NA,NA,NA,104.5401,1110.284859,14946.25,0
49,F,5mg,23.5,0.11,5300000,165.7,30.36275157,118.12466,53.16736,20.99522,0,0,0,0,0,0,0,NA,1079.9794,9.3375,NA,NA,NA,NA,NA,148.1353,478.2340283,4404.375,0
50,F,5mg,22.3,0.08,1700000,56.65,6.655986385,191.20588,228.2493,22.91364,186,0,186,0,0,3,2,29.58098812,1243.5156,10.14375,NA,NA,NA,NA,NA,335.8013,2381.996806,12788.75,0
51,F,5mg,31.4,0.09,1100000,74.6,6.150350991,129.77726,31.02873,24.00482,52,17,69,0,0,2,2,184.6657478,533.5806,16.05,9.284669891,15.77275175,25.82082552,25.45340838,2430.292641,322.3179,1479.715048,4653.75,0
52,F,5mg,25.3,0.07,730000,18.3,1.679830086,35.8578,84.67213,24.1552,1,0,1,0,0,0,1,53.98001378,1891.7488,11.0125,NA,NA,NA,NA,NA,411.6299,1754.280979,4705,0.5
53,F,5mg,25.4,0.09,1400000,37.5,2.509592615,41.24258,56.60833,28.26337,83,17,100,0,0,2,2,60.13094418,1035.9396,9.26875,NA,NA,NA,NA,NA,238.3776,3233.394291,7078.75,0
54,F,5mg,26.9,0.16,2000000,62.45,1.630070191,79.57484,200.354,48.72075,63,12,75,0,0,0,4,94.27980703,1855.6474,232.6375,NA,NA,NA,NA,NA,646.3372,1529.964156,5475.625,0
55,F,5mg,25.5,0.09,470000,60.55,2.928678484,68.26206,119.853,25.33215,0,0,0,0,1,0,3,23.63977486,1089.2482,11.8625,NA,NA,NA,NA,NA,343.4007,2479.0434,6290.625,0
56,F,PBS,24.1,0.07,1050000,30.4,1.08170553,19.08816,38.49581,12.74532,0,0,0,0,2,0,0,38.7818404,625.6062,9.8,NA,NA,NA,NA,NA,111.6625,1169.990411,15085,0
57,F,PBS,20.6,0.08,440000,33.5,1.048495557,17.617665,81.21919,21.37808,0,0,0,0,0,0,0,18.606072,421.6902,9.1375,NA,NA,NA,NA,NA,67.26657,431.9583607,6098.75,0
58,F,PBS,24.1,0.09,1700000,52.75,1.498425999,29.11503,82.32785,22.95009,0,0,0,0,0,0,1,106.7800097,645.0864,11.74375,NA,NA,NA,NA,NA,166.821,1694.578562,7192.5,0
59,F,PBS,22.7,0.06,6000000,108.25,10.54756227,20.751885,112.1445,22.98654,0,0,0,0,1,2,0,50.11067025,783.5552,21,NA,NA,NA,NA,NA,72.57549,1781.478178,12790,0
60,F,PBS,27.1,0.14,1050000,102.15,1.640126246,NA,29.48207,11.35025,5,0,5,0,0,2,4,75.78636888,3400.318,16.8,11.35136655,29.46688207,39.19637273,18.01125704,1385.116863,300.135,4360.849511,14077.5,0
61,M,PBS,30.2,0.06,460000,118.2,0.113009431,29.27343,79.42929,22.41586,0,0,0,0,0,1,1,20.60579002,393.5898,9.7625,NA,NA,NA,NA,NA,161.1403,1268.172571,15445.625,0
62,M,PBS,33.4,0.12,900000,145.55,0.724676754,19.41792,50.87278,15.81965,0,0,0,0,0,1,0,20.77262901,332.486,12.91875,NA,NA,NA,NA,NA,139.2738,2071.71431,13754.375,0
63,M,PBS,42.1,0.07,600000,120.55,0.465638964,29.92608,90.96565,19.67633,0.5,0,0.5,0,1,0,0,14.20716233,344.1656,7.15625,NA,NA,NA,NA,NA,107.7905,236.066653,12441.875,0
64,M,PBS,35.7,0.11,700000,104.35,4.117060164,0,151.6959,33.35149,1,0,1,0,3,0,0,15.61706927,246.3068,10.1125,NA,NA,NA,NA,NA,95.55687,216.8377506,9428.125,0
65,M,PBS,32.7,0.06,4900000,120,1.126474299,0,111.9818,30.69192,0,0,0,0,1,2,2,24.7438669,151.92126,12.7,8.584523676,14.20301562,21.31019387,13.85240775,711.8987831,58.30469,1721.568915,15511.875,0
66,M,5mg,28.2,0.06,55000000,221.2,8.773264416,68.60078,61.64899,29.19181,155,53,208,0,0,4,4,740.5410062,404.6074,250.35,10.4206501,15.31771675,625.3908693,530.8083177,896.6100058,239.4474,2863.113733,13936.25,0
67,M,5mg,37.8,0.08,490000,75.2,1.629368178,69.95702,59.94482,13.41956,0,2,2,0,1,2,0,551.2749828,277.0672,8.19375,8.227420988,8.632202477,535.2095059,555.8708568,189.7817269,73.58181,194.4551682,14713.75,0
68,M,5mg,38.8,0.1,485000,61.85,1.629758326,36.89146,112.0068,25.27911,0.5,0,0.5,0,0,2,1,37.99104066,392.1442,9.575,NA,NA,NA,NA,NA,147.886,331.4223272,13811.25,0
69,M,5mg,29,0.09,395000,208.4,14.50627491,98.80146,66.51212,44.39224,220,33,253,0,2,0,2,226.0165403,1185.788,38.43125,NA,NA,NA,NA,NA,322.7566,1879.368873,15951.875,0
70,M,5mg,30.2,0.1,750000,158.95,9.136234238,37.40912,157.0337,38.30673,3,0,3,0,0,0,0,48.60441075,517.1988,9.38125,NA,NA,NA,NA,NA,162.0909,533.8470457,15310,0
71,M,5mg,NA,NA,NA,NA,NA,NA,NA,NA,NA,NA,NA,0,1,3,NA,NA,NA,#VALUE!,NA,NA,NA,NA,NA,NA,NA,NA,NA
72,M,5mg,26,0.08,800000,84.45,0.162522482,48.59134,45.76019,10.70841,0.5,0,0.5,0,1,3,0,42.28118539,2841.73,8.29375,NA,NA,NA,NA,NA,169.0343,477.751804,14313.125,0
73,M,5mg,35.1,0.06,550000,195.75,0.015536003,57.15968,34.65563,12.93961,0,0,0,0,3,1,0,48.84562371,807.0764,9.6875,NA,NA,NA,NA,NA,205.5115,796.2736913,9581.25,0
74,M,5mg,35.2,0.08,1350000,206.45,2.281852809,88.80092,284.2744,68.18809,7,0,7,0,1,0,4,788.4906961,900.6238,9.7375,7.67911371,8.179859989,625.3908693,581.0741088,221.725903,152.9746,429.7644282,11371.875,0
75,M,5mg,36.2,0.06,550000,76.45,0.01381081,25.52472,87.36941,28.45707,4,0,4,0,1,1,2,36.130255,910.1672,21.93125,NA,NA,NA,NA,NA,267.6579,555.3141751,12476.25,0
76,M,PBS,34.3,0.11,600000,84.55,1.841413346,37.79766,60.93242,14.98423,0,0,0,0,2,2,1,32.78925085,792.501,9.59375,NA,NA,NA,NA,NA,271.185,900.1235541,7127.5,0
77,M,PBS,47.6,0.09,800000,129.65,4.648550321,44.9714,271.8456,49.50278,0,0,0,0,0,0,0,112.6058986,330.392,9.61875,NA,NA,NA,NA,NA,226.736,314.8019908,7012.5,0
78,M,PBS,29.1,0.08,750000,90.15,3.253005663,33.28334,79.63137,23.48921,0,0,0,0,1,2,2,65.13661614,1173.8774,14.85625,9.256551569,10.1642434,9.193245779,9.318323952,166.6747151,86.39394,2684.50166,6402.5,0
79,M,PBS,33.6,0.1,405000,82.45,5.399428283,17.8732,311.9497,147.2989,50,7,57,0,2,3,2,31.75309313,951.7146,9.075,11.57631313,13.04254173,10.96779237,9.193245779,140.8875797,617.4825,599.7470272,4142.5,0
80,M,PBS,35.6,0.08,1480000,125.25,17.52186019,39.15998,163.6943,32.78986,2,0,2,0,0,1,2,25.32542731,664.3186,17.2375,9.931391295,11.182014,8.927454659,8.560037523,107.2049449,79.04017,308.7097304,11178.75,0
81,M,5mg,40.9,0.09,750000,71.95,6.3434076,43.26756,104.4787,27.63784,18,0,18,0,0,2,2,396.6747071,842.807,8.775,9.838600832,9.235325794,379.2057536,452.775172,285.0347692,193.6751,628.8976734,7141.875,0
82,M,5mg,34.5,0.09,1380000,46.65,0,33.21916,65.08878,13.49706,0,0,0,0,1,0,0,NA,298.5176,8.84375,NA,NA,NA,NA,NA,63.61596,501.8426471,4518.125,0
83,M,5mg,29.4,0.17,30000000,400.7,24.723119,179.13924,1583.911,137.0131,300,143,443,0,3,4,4,826.9469331,781.938,13.61875,18.6846249,28.5271944,625.3908693,625.3908693,4235.02994,210.3357,5817.341323,6002.5,1.7
84,M,5mg,34.9,NA,1350000,27.1,0,20.09216,65.50548,12.40125,2,0,2,0,0,0,0,NA,648.851,8.2875,NA,NA,NA,NA,NA,270.0558,198.681839,6596.25,0
85,M,5mg,28.3,0.16,3450000,135.55,2.793828029,34.69756,75.60959,29.14539,68,40,108,0,3,4,4,702.2053756,790.9916,63.18125,9.338094703,20.69736134,625.3908693,465.4002502,2868.963686,280.0048,4343.952857,10775,0
86,M,5mg,40.9,0.09,1700000,106.2,0.004761117,19.5357,98.90826,17.04469,11,3,14,0,1,3,3,138.800827,371.4778,9.16875,NA,NA,NA,NA,NA,286.9471,2249.598242,14421.875,0
87,M,5mg,29,0.06,420000,94.1,0,20.15406,216.1782,29.84908,6,0,6,0,1,1,4,32.70158511,920.2148,42.94375,NA,NA,NA,NA,NA,194.5923,306.1103576,8451.25,0
88,M,5mg,27.2,0.09,6000000,181.5,3.883516601,271.625,349.2436,56.32925,147,41,188,0,2,2,2,57.49483115,545.957,18.5375,NA,NA,NA,NA,NA,86.40923,1267.2637,13425,0
89,M,5mg,42.7,0.09,2100000,235.7,9.027669204,38.0569,34.54337,14.28473,12,2,14,0,1,0,0,NA,416.3904,7.74375,NA,NA,NA,NA,NA,220.3684,150.3694632,15096.25,0
90,M,5mg,38,0.11,1600000,128.95,0.951535313,10.986424,66.02046,13.47527,16,0,16,0,2,2,0,45.14128187,529.5614,8.06875,NA,NA,NA,NA,NA,91.46058,1554.504734,10750.625,0
91,M,5mg,26.5,0.11,3900000,113.95,0,12.356172,132.2222,20.14284,2,2,4,0,1,0,0,NA,429.833,9.09375,NA,NA,NA,NA,NA,278.6058,1873.162429,6843.125,0
92,M,5mg,43.6,0.17,90000000,455.7,0.138231999,114.1671,60.40198,70.27828,225,55,280,0,1,1,4,734.0454859,332.2538,104.30625,14.5877854,12.95907377,625.3908693,512.0622264,703.4237976,249.0044,1783.676185,14955,0
93,M,5mg,33,0.12,650000,70.8,2.160440373,34.37578,105.189,24.36826,0.5,0,0.5,0,1,0,0,45.86492074,436.3484,8.73125,NA,NA,NA,NA,NA,151.9161,858.0096827,10811.25,0
94,M,5mg,27.2,0.05,850000,129.55,0,15.248458,117.9251,20.75061,0,0,0,0,1,0,0,40.67884218,645.1632,8.76875,NA,NA,NA,NA,NA,181.0507,983.5974559,10255,0
95,M,5mg,41,0.17,7500000,185.6,0,36.3744,90.9042,32.52433,50,31,81,0,1,3,2,490.8849281,1347.2284,9.8,7.774716005,14.17070544,372.5609756,263.4459037,741.7423218,185.8757,1055.530046,6859.375,0
96,M,5mg,30.1,0.1,550000,71.15,0,83.08794,105.6919,14.37599,0,0,0,0,1,2,0,42.33287388,2385.144,8.84375,NA,NA,NA,NA,NA,266.4454,962.5704503,13086.875,0
97,M,5mg,33.8,0.11,800000,91.3,0,48.40845,168.1274,30.33608,2,0,2,0,1,0,2,25.26579112,584.0552,9.63125,NA,NA,NA,NA,NA,202.507,1190.057669,9535,0
98,M,5mg,41.4,0.1,1350000,100.7,0,72.11562,58.53116,34.13469,13,8,21,0,1,3,3,53.42866988,416.222,15.68125,NA,NA,NA,NA,NA,83.01354,1729.488634,12419.375,0
99,M,5mg,33.8,0.1,1700000,119,0.035274849,80.398905,70.37819,20.39285,66,6,72,0,4,3,4,341.3507926,695.203,223.1125,9.354965696,15.20193861,569.4183865,371.8964978,5794.861889,157.2352,1297.141548,11046.875,0
100,M,5mg,32.5,0.06,270000,83.15,0,85.04328,196.5146,25.27494,0,0,0,0,1,0,0,41.83321847,252.4036,8.46875,NA,NA,NA,NA,NA,86.68669,186.7614134,7057.5,0
101,F,5mg,25,0.08,465000,232.5,16.6328913,52.875045,87.98481,19.04768,0,0,0,0,1,2,3,38.05995865,740.7048,24.80625,NA,NA,NA,NA,NA,185.7954,986.3243841,2150.625,0
102,F,5mg,26.5,0.09,2150000,117.4,0.042209536,113.219025,22.87399,40.75483,65,16,81,0,1,0,3,365.7911194,812.5544,12.0875,11.30918907,14.10070005,182.7470294,69.29330832,1587.212671,85.42934,2049.943179,11323.125,0
103,F,5mg,20.3,0.07,405000,51.9,0.170776192,45.07905,168.0873,22.173,1,3,4,0,1,4,0,44.09028256,2076.382,28.7125,NA,NA,NA,NA,NA,373.5116,881.7633031,5931.875,0.5
104,F,5mg,25.7,0.12,270000,67.6,0,78.29499,58.38268,9.443641,1,0,1,0,1,0,4,582.942464,2282.352,11.54375,15.70970644,19.77382876,522.912758,606.7776735,1481.239135,242.9671,1650.825274,7851.25,0
105,F,5mg,24.5,0.07,800000,81.8,0,64.942845,65.43598,13.49706,2,1,3,0,0,0,0,40.83390765,1127.8008,8.5875,NA,NA,NA,NA,NA,194.2661,1502.69174,7339.375,0
106,F,5mg,20.9,0.09,850000,62.35,0,36.938805,91.59673,16.35286,3,0,3,0,2,2,1,45.0206754,296.8354,12.09375,NA,NA,NA,NA,NA,126.3787,2207.613597,9543.75,0
107,F,5mg,24,0.12,4250000,164.55,5.898004488,132.53988,108.0238,32.50686,110,60,170,0,1,2,4,690.0930393,6749.9,92,11.96153414,14.19763059,625.3908693,221.9121326,3766.008306,657.9503,1976.866768,3337.5,1.2
108,F,5mg,17,0.07,1200000,158.4,1.482114504,265.5936,60.32033,26.58025,210,17,227,0,2,4,4,884.3056436,2664.406,18.40625,26.21752334,32.3451804,625.3908693,625.3908693,3444.538343,205.8811,3316.675136,10030.625,0.5
109,F,5mg,30.8,0.14,1250000,217.35,0.525086407,259.8939,159.7918,68.25011,188,70,258,0,1,4,4,813.2688649,2733.164,8.79375,7.299516365,42.20247711,625.3908693,625.3908693,2893.157234,718.1602,2968.073778,10033.125,0
110,F,5mg,23.3,0.07,750000,155.45,9.461856659,82.03254,42.64634,10.8161,11,0,11,0,0,1,0,151.8706405,1589.5992,11.96875,9.037228658,21.18739903,48.7257661,29.19793621,1584.677419,182.0601,2550.42325,5728.75,0
111,F,5mg,21.1,0.09,650000,95.9,0,53.58843,98.25969,18.85358,0,0,0,0,2,1,1,48.16106531,1289.6538,15.0375,NA,NA,NA,NA,NA,103.6213,1225.442025,9665.625,0
112,F,5mg,20,0.04,265000,33.85,0,27.23235,174.3277,23.31559,0,0,0,0,1,0,0,43.70640457,1077.2832,10.5,NA,NA,NA,NA,NA,89.53863,1402.447381,9914.375,0
113,F,5mg,29.7,0.1,750000,99.5,0,50.28276,227.3129,35.03426,17,0,17,0,2,2,3,68.46861129,951.7638,10.7875,NA,NA,NA,NA,NA,134.3701,2644.225067,4250,0
114,F,5mg,26.6,0.06,390000,74.75,0,88.54038,73.15937,13.06102,0,0,0,0,1,0,1,34.24223209,1371.2662,9.68125,NA,NA,NA,NA,NA,369.8634,1144.230691,4363.75,0
115,F,5mg,NA,NA,NA,NA,NA,NA,NA,NA,NA,NA,NA,NA,NA,NA,NA,NA,NA,#VALUE!,NA,NA,NA,NA,NA,NA,NA,NA,NA
116,F,5mg,41.9,0.09,1400000,358.05,0.642741578,79.76724,42.86047,19.26761,47,28,75,0,1,0,3,651.9974635,2147.306,8.88125,6.55103211,11.18224499,447.224828,22.74859287,888.7147335,484.0474,1606.664561,8319.375,0
117,F,5mg,18.4,0.06,700000,233.05,1.868806211,79.76724,180.4004,46.85459,100,30,130,0,1,0,2,58.57641091,1440.4336,17.34375,NA,NA,NA,NA,NA,265.0736,1517.819751,9518.125,0
118,F,5mg,26.9,0.08,6000000,313.05,3.613667601,200.7453,73.07333,29.57966,192,102,294,0,1,1,2,383.4020292,5546.278,33.26875,32.07067087,15.38625694,187.703252,151.6025641,3496.842154,377.8827,3090.116429,6416.875,0
119,F,5mg,22.9,0.09,500000,98.7,0,42.669315,117.8741,22.13851,0,0,0,0,1,2,0,110.1775523,1114.843,37.95625,NA,NA,NA,NA,NA,76.63936,3391.547352,9908.75,0
120,F,5mg,24.5,0.24,4000000,337.25,17.32090886,124.211205,266.9716,73.41618,210,200,410,0,1,3,4,739.3468611,3232.824,51.55,16.8434633,51.51515152,625.3908693,625.3908693,2668.218698,434.4543,3606.397285,9160.625,2
121,F,5mg,23.4,0.08,360000,108.5,0,45.88449,90.9042,12.43187,2,0,2,0,1,2,0,60.55802156,114.55742,9.775,NA,NA,NA,NA,NA,81.37102,2038.466324,4343.125,0
122,F,5mg,20.1,0.04,365000,113.9,0.016849581,36.592035,179.0272,27.13844,0,0,0,0,1,2,4,57.67279645,184.76858,12.0125,NA,NA,NA,NA,NA,130.4997,2959.204445,6717.5,0
123,F,5mg,28.4,0.12,490000,116.6,0,57.012465,200.4157,7.074709,18,0,18,0,2,1,3,80.05707039,414.0906,17.65625,NA,NA,NA,NA,NA,298.5129,3204.646787,2814.375,0
124,F,5mg,22,0.1,1650000,149,0,62.87523,122.9049,4.272211,82,6,88,0,2,2,2,695.862397,635.4266,9.8625,5.934633028,9.695547019,418.8477173,16.1507192,478.5865757,1916.613,1638.803097,6551.875,0
125,F,5mg,20.5,0.22,850000,185.3,2.872908813,98.938995,150.672,7.438816,14,3,17,0,2,4,4,853.4717819,387.1402,303.8625,28.00315367,17.4384692,625.3908693,413.3364603,4480.015674,288.3349,4562.924053,13145,0.75
126,F,PBS,29.8,0.1,220000,75.25,0.665384259,41.66829,370.3228,13.53129,7,1,8,0,2,2,4,60.87342007,586.1388,63.275,11.7309639,16.42434033,14.42307692,9.427767355,583.0355418,153.3362,2636.515329,5215.625,0
127,F,PBS,23.7,0.07,240000,87.1,0.100516645,36.592035,113.0143,3.70704,3,1.5,4.5,0,1,0,1,36.28395526,362.7168,10.41875,NA,NA,NA,NA,NA,132.1223,1189.400565,14160,0
128,F,PBS,23.9,0.1,1600000,90.25,0,51.348945,267.8393,7.378137,22,0,22,0,1,1,2,78.08944794,316.6448,8.7875,11.92498032,13.41949381,23.46779237,38.53189493,486.985706,677.6013,1182.082582,7053.75,0
129,F,PBS,20.9,0.06,150000,134.7,0.183084842,26.168055,465.2493,19.38406,0,0,0,0,1,1,3,34.04139054,93.11906,12.20625,16.03587898,26.66935918,29.49499687,36.23358349,539.8638207,106.699,3175.691392,2154.375,0
130,F,PBS,NA,NA,NA,NA,NA,NA,NA,NA,NA,NA,NA,NA,NA,NA,NA,NA,NA,#VALUE!,NA,NA,NA,NA,NA,NA,NA,NA,NA
131,F,PBS,19,0.05,215000,162.15,1.809142105,32.45067,140.8634,3.680927,0,0,0,0,2,1,0,16.17398252,458.7956,8.48125,NA,NA,NA,NA,NA,109.8507,2081.894717,13170,0
132,F,PBS,28.7,0.06,800000,82.2,0,24.43338,205.4286,7.198111,0,0,0,0,2,0,3,74.45459906,205.1254,65.28125,11.84062535,15.22347873,98.10819262,27.9862414,3056.644775,81.28742,2647.992183,4801.875,0
133,F,PBS,31.9,0.1,320000,88.5,0,35.602665,163.769,4.399285,1,1,2,0,1,2,0,33.09904967,186.81976,8.18125,NA,NA,NA,NA,NA,397.6915,1613.420507,6665.625,0
134,F,PBS,32,0.14,155000,80.15,0.427863063,48.76263,532.6643,20.23963,0,0,0,0,3,2,3,38.09812165,97.3103,16.18125,9.849848161,16.2008616,25.43777361,13.24265166,217.0900135,97.61929,1834.343165,5827.5,0
135,F,PBS,18.4,0.05,115000,891.85,16.61898698,492.56985,29.71895,1.556701,0,0,0,0,0,3,2,44.28706734,148.46198,9.00625,10.04105275,29.52611739,15.9865541,13.03158224,609.1124203,66.53876,642.641379,8775,0
136,F,5mg,30,0.07,110000,79.35,0,527.1774,206.8794,7.316076,1,0,1,0,1,2,2,40.3455929,292.4396,11.575,NA,NA,NA,NA,NA,113.4644,899.8890235,4641.875,0
137,F,5mg,27.5,0.16,415000,120.75,0,33.334965,165.2953,4.718328,12,2,14,0,2,3,3,69.32466709,520.2514,17.4625,NA,NA,NA,NA,NA,135.5705,5078.060984,14362.5,0
138,F,5mg,24,0.06,1100000,345.1,11.87971429,255.20355,1122.628,249.7906,155,60,215,0,2,2,4,707.5142676,263.842,9.5,11.17402523,20.60392659,625.3908693,625.3908693,816.5222202,76.26857,2636.709639,3225,0
139,F,5mg,25.9,0.06,1375000,281.9,7.198770897,105.438825,299.1421,100.283,80,9,89,0,1,1,2,623.3512999,160.43532,8.09375,7.575974771,10.42466923,399.898374,341.1194497,167.3427992,243.5338,1116.852762,5419.375,0
140,F,5mg,21.1,0.09,550000,59.65,0,28.05684,56.61055,2.609628,2,0,2,0,3,3,0,69.1027267,279.2376,11.30625,NA,NA,NA,NA,NA,147.2649,5676.383695,12778.125,0
141,M,5mg,30.9,0.07,550000,182.1,11.27531242,44.52594,170.1122,8.365495,48,5,53,0,1,0,0,NA,198.70278,8.3625,NA,NA,NA,NA,NA,345.689,500.3857364,8865.625,0
142,M,5mg,26.7,0.08,17000000,274.9,1.545593078,217.78725,506.4423,96.64586,187,63,250,0,3,3,4,679.3436906,150.08568,40.1,9.575688073,14.73538199,625.3908693,617.5891182,2162.871105,286.3541,2291.633031,15265,0
143,M,5mg,NA,NA,NA,NA,NA,NA,NA,NA,NA,NA,NA,0,4,4,NA,755.247305,NA,#VALUE!,48.35507454,19.27016645,625.3908693,625.3908693,3063.272174,NA,NA,NA,2.5
144,M,5mg,29.1,0.09,1500000,317.15,1.962834579,181.638,215.2395,31.18031,43,30,73,0,2,3,3,622.1623335,326.0356,142.63125,5.565510321,8.095034856,398.9681051,246.8261413,2901.115619,202.1861,812.3911188,15545.625,0
145,M,5mg,38.6,0.14,415000,134.95,0.005293454,106.462605,348.615,23.61802,58,15,73,0,2,3,4,780.8972733,161.91152,13.775,16.0837156,12.0749751,625.3908693,625.3908693,3104.554675,227.3206,3353.021643,14434.375,2
146,M,5mg,34.2,0.14,235000,140.65,0,45.733395,111.2403,4.009332,67,6,73,0,2,0,0,NA,83.14846,8.4375,NA,NA,NA,NA,NA,166.457,288.5693447,4718.125,0
147,M,5mg,42.4,0.13,1400000,293.2,0.127149384,138.615495,175.6735,25.74577,27,16,43,0,1,0,0,NA,258.72,7.71875,NA,NA,NA,NA,NA,313.4472,375.8669842,14178.75,0
148,M,5mg,32.5,0.07,1800000,417.3,1.463396113,49.87701,436.3532,12.22009,96,78,174,0,1,1,3,474.8256183,50.45736,9.8375,9.851634174,11.08265756,625.3908693,606.3164478,453.4851558,75.62894,1835.546637,15255.625,0
149,M,5mg,40.7,0.09,700000,159.8,0,10.310118,188.7953,6.956069,9,0,9,0,1,1,0,32.60938491,215.5576,8.0875,NA,NA,NA,NA,NA,241.4441,NA,13583.125,0
150,M,5mg,34,0.15,12000000,588.85,31.99048376,163.38465,723.3032,40.68594,180,105,285,0,2,2,2,71.65504122,103.87098,12.11875,NA,NA,NA,NA,NA,297.2049,3270.719663,13975,1
151,M,5mg,37.3,0.1,260000,242.1,7.59472094,99.934005,2444.323,1068.419,2,0,2,0,1,0,1,NA,398.666,9.24375,NA,NA,NA,NA,NA,NA,NA,15693.125,0
152,M,5mg,32.3,0.06,1650000,130.4,0.114954492,16.529925,678.2725,37.35011,0,0,0,0,0,0,2,18.15196998,76.6732,8.21875,NA,NA,NA,NA,NA,174.7833,739.4414278,13000,0
153,M,5mg,34.5,0.07,170000,122.2,0,4.699215,119.5607,4.614106,0,0,0,0,2,2,0,56.4362714,51.11762,14.99375,NA,NA,NA,NA,NA,32.89866,259.7464146,11040.625,0
154,M,5mg,NA,NA,NA,NA,NA,NA,NA,NA,NA,NA,NA,0,3,NA,NA,NA,NA,#VALUE!,NA,NA,NA,NA,NA,NA,NA,NA,NA
155,M,5mg,39.7,0.12,1300000,161.3,0.101168963,30.219225,298.2879,24.79917,85,38,123,0,2,4,4,769.4039315,167.53654,9.96875,17.38102064,11.91848058,625.3908693,387.7579737,629.6099945,71.96232,3014.990357,5706.25,0
156,M,PBS,34.6,0.11,360000,113.1,0,9.4748325,108.0742,4.216131,1,0,1,0,1,0,0,20.8666228,197.50414,8.3625,NA,NA,NA,NA,NA,114.2002,1674.22924,15625.625,0
157,M,PBS,35.9,0.21,240000,134.45,0,4.9174875,187.0755,4.890691,2,0,2,0,1,2,2,76.94802143,442.8016,8.075,11.69441008,11.92514809,19.55128205,16.08036273,1753.3079,349.776,829.1577105,13179.375,0
158,M,PBS,33.4,0.09,600000,73.45,0,3.478587,81.58633,3.830527,0,0,0,0,1,0,0,11.34035154,137.17596,7.76875,NA,NA,NA,NA,NA,137.5111,NA,11824.375,0
159,M,PBS,36.5,0.13,105000,72.7,0.159915736,6.2396265,294.7832,13.96764,1,0,1,0,1,2,1,41.75557804,223.3196,8.51875,NA,NA,NA,NA,NA,142.0554,984.3235085,11900,0
160,M,PBS,30.9,0.14,150000,344.15,16.64917866,15.224625,221.8306,11.21362,1,0,1,0,2,3,2,80.76760493,118.1727,16.44375,12.85288494,17.32094777,18.64446529,20.55972483,1419.95847,169.4599,3933.734183,15606.25,0
161,F,10mg,24,0.1,328000,300.875,2.431821663,44.483565,80.41717,5.698905,95,77,172,0,0,0,0,NA,80.52988,14.1375,NA,NA,NA,NA,NA,373.836,3816.573218,12957.5,0
162,F,10mg,25.4,0.08,93800,426.0625,19.7695149,6.736875,240.5661,10.40461,0,0,0,0,0,1,2,182.593532,87.95724,14.5875,NA,NA,NA,NA,NA,202.5165,3660.207765,13888.125,0
163,F,10mg,36.31,0.07,182000,329.75,0.01702342,31.90884,86.59898,9.822091,65,69,134,0,0,0,0,NA,252.1078,12.5375,NA,NA,NA,NA,NA,179.1434,1586.763215,12744.375,0
164,F,10mg,34.64,0.09,223000,207.3125,0.046009039,14.3493,138.2203,11.35676,3,3,6,0,0,0,2,31.5472416,455.518,14.04375,NA,NA,NA,NA,NA,178.6459,4387.945838,15000,0
165,F,10mg,25.32,0.14,5460000,3216.79664,3.80354622,222.6975,69.14172,11.67514,380,315,695,0,4,3,1,761.3982245,4084.512,149.5125,32.65481651,74.84350548,625.3908693,625.3908693,4416.4669,964.2624,31423.40693,12224.375,0
166,F,10mg,24.71,0.07,123000,290.1875,0.306104075,0,22.50895,0,0,0,0,0,0,0,0,NA,744.7852,11.85,NA,NA,NA,NA,NA,249.106,156.8971451,12683.125,0
167,F,10mg,26.61,0.14,1510000,313,0.004033209,19.28793,244.3475,29.89972,157,131,288,1,2,2,0,50.45973367,861.8086,16.39375,NA,NA,NA,NA,NA,846.5093,15554.02772,15497.5,0
168,F,10mg,25.41,0.1,674000,708.4375,10.88765447,148.210905,123.7805,68.47726,245,160,405,0,1,4,0,50.93532023,672.9842,16.48125,NA,NA,NA,NA,NA,314.0465,13544.76161,15089.375,0
169,F,10mg,25.37,0.08,182000,216.8125,0.032534119,15.205875,242.9249,25.91134,0,0,0,0,0,0,2,32.32403297,365.6568,13.13125,NA,NA,NA,NA,NA,293.3808,2500.86935,15686.25,0
170,F,10mg,33.09,0.07,NA,0,39.96308032,NA,NA,NA,0,0,0,0,0,0,3,24.06467977,773.2618,13.48125,NA,NA,NA,NA,NA,255.7978,289.7849365,6946.25,0
171,F,10mg,19.78,0.1,6700000,921.125,0.005668935,71.236005,171.1979,89.38529,255,190,525,0,1,1,2,117.5015853,736.313,28.1,NA,NA,NA,NA,NA,575.4297,6776.856673,7953.125,0
172,F,10mg,34.81,0.08,64500,192.4375,0.907143666,0,175.0962,16.79978,0,0,0,0,0,0,4,29.40340909,530.3382,12.6125,NA,NA,NA,NA,NA,391.7097,2075.551841,5529.375,0
173,F,10mg,20.72,0.07,111000,465.375,1.607105234,11.4942735,138.4999,15.62988,0,0,0,0,1,0,3,38.08238636,175.35536,11.68125,NA,NA,NA,NA,NA,183.9931,1052.256007,1950.625,0
174,F,10mg,29.82,0.07,12720000,1013.3125,18.87541754,86.08263,113.7109,47.57517,149,163,312,0,1,0,0,NA,273.129,14.98125,NA,NA,NA,NA,NA,338.5067,6854.001601,6859.375,0
175,F,10mg,34.88,0.06,1270000,623.75,1.21613764,62.130975,172.4194,69.49436,92,65,157,0,0,1,0,59.03409091,459.0042,13.575,NA,NA,NA,NA,NA,319.8478,8069.920308,7400,0
176,M,10mg,31.97,0.07,499000,514.25,2.052708356,15.978435,218.794,74.12029,105,58,163,0,1,2,1,650.4119318,150.98214,14.7375,NA,NA,NA,NA,NA,189.226,16210.27174,14530,0
177,M,10mg,27.51,0.14,11200000,1355.625,15.04897221,119.998725,164.1548,47.89804,130,260,390,0,0,2,2,767.6846591,329.9782,19.5875,15.87586009,11.85801679,625.3908693,625.3908693,218.7903375,390.6588,3508.553955,9761.875,0
178,M,10mg,33.94,0.07,880000,503.8125,6.13885742,45.364875,140.4837,77.86658,70,110,180,0,0,0,0,NA,136.51654,14.775,NA,NA,NA,NA,NA,183.3575,1648.65367,8968.125,0
179,M,10mg,26.79,0.1,9280000,1407.625,23.64138794,155.51865,2623.629,31.09051,450,415,865,0,3,3,0,738.28125,429.591,36.25,17.40252294,35.62028738,625.3908693,519.8092558,1583.878849,486.8602,5593.776451,12775.625,0
180,M,10mg,34.13,0.11,4160000,1196,34.33266357,236.5062,1004.688,255.1724,82,142,224,0,0,2,2,46.17897727,132.81628,13.83125,NA,NA,NA,NA,NA,140.7008,2571.735309,9758.125,0
181,M,10mg,35.75,0.09,182000,293.5625,3.587729529,0,12.14361,2.745587,19,16,35,0,0,1,0,434.2755682,271.1282,11.54375,NA,NA,NA,NA,NA,191.919,1399.300151,11703.125,0
182,M,10mg,32.6,0.19,7360000,722.1875,0.768268285,64.26474,190.7054,59.22763,180,122,302,0,1,1,0,718.4375,194.6084,15.76875,9.604357798,23.20386968,625.3908693,611.9684178,562.534575,368.8563,7291.869317,14622.5,0
183,M,10mg,32.7,0.12,745000,337.1875,0.871599354,24.87951,106.89,31.13121,99,83,182,0,1,1,0,660.7244318,367.9498,13.98125,NA,NA,NA,NA,NA,263.0516,6817.788824,9100,0
184,M,10mg,41.99,0.1,346000,294.5,0.828033051,17.58699,270.6538,35.04403,2,0,2,0,0,0,2,36.43465909,192.14612,12.7375,NA,NA,NA,NA,NA,425.9943,8918.120269,15452.5,0
185,M,10mg,27.02,0.06,463000,373,0.23036931,8.8213215,107.1776,23.92081,5,0,5,0,0,0,1,NA,551.4648,13.3875,NA,NA,NA,NA,NA,369.4778,1827.598673,13770.625,0
186,M,PBS,30.89,0.07,352000,184.1875,0.006829341,9.2379345,337.5247,40.38442,0,0,0,0,0,0,3,25.1920551,413.0026,13.04375,11.37104938,11.79052235,10.38148843,10.30331457,147.8414139,633.9944,1566.70337,9641.25,0
187,M,PBS,32.78,0.09,622000,231.9375,0,0,141.1263,23.48538,0,0,0,0,0,1,4,25.78848767,131.33602,13.23125,9.526487459,10.14270328,9.513758599,9.982801751,178.4817462,534.5129,2502.218294,11609.375,0
188,M,PBS,31.2,0.08,323000,160.3125,0,0,248.7185,34.70494,0,0,0,0,0,0,0,12.57943536,1001.765,12.96875,NA,NA,NA,NA,NA,647.3396,1351.923603,6756.25,0
189,M,PBS,27.43,0.06,868000,414.6875,9.602053329,0,38.41641,7.710648,0,0,0,0,0,0,4,23.49260458,1192.4926,11.9125,13.01034754,11.24124933,20.0203252,20.71607255,175.4394437,427.3386,3964.174397,16411.25,0
190,M,PBS,26.71,0.07,264000,323.9375,0.67773365,0,174.8278,22.75297,0,0,0,0,1,0,2,13.88425878,176.02982,11.6375,7.994038916,9.065697361,22.75641026,16.94809256,121.7645354,227.2046,1338.720762,4918.125,0
191,F,PBS,27.41,0.06,152000,220.1875,0.332923136,0,443.494,62.47372,0,0,0,0,0,0,2,10.11042817,357.7818,11.60625,8.162748847,10.62197092,17.49530957,12.20293934,116.6215955,349.2023,1442.643395,15054.375,0
192,F,PBS,19.98,0.05,287000,334.375,2.613661225,0,250.3415,37.61404,0,0,0,0,0,0,1,21.18189395,196.62392,13.13125,NA,NA,NA,NA,NA,207.0386,4286.042564,12839.375,0
193,F,PBS,30.11,0.08,557000,353.3125,1.983117393,17.74194,150.5811,24.90779,0,0,0,0,0,0,1,63.32170018,389.7814,14.91875,NA,NA,NA,NA,NA,985.4105,2261.731282,9765.625,0
194,F,PBS,24.92,0.1,117000,210.375,0.014034191,13.980324,155.2671,24.35755,14,1,15,0,0,1,0,153.464996,1974.6942,16.54375,NA,NA,NA,NA,NA,858.0775,3292.067716,6841.25,0
195,F,PBS,42.47,0.08,164000,371.4375,0.973395795,15.205875,224.4284,44.7762,0,0,0,0,0,1,3,25.93409647,218.6956,13.29375,10.86210775,12.57404416,20.41901188,15.73639775,683.7212671,225.5163,1616.428395,7996.25,0
196,F,PBS,28.78,0.06,411000,229.9375,0.589948233,28.85214,260.7819,40.43308,0,0,0,0,0,0,2,17.95499531,473.36,13.80625,12.36643797,14.03877221,21.98248906,17.30769231,497.9235078,242.8737,2340.01257,6131.875,0
197,F,PBS,32.42,0.07,1220000,277.25,0.700771736,17.645055,188.8576,24.93218,0,0,0,0,1,1,2,25.47661215,260.3918,15.36875,10.45439208,14.21647819,20.23139462,18.08943089,1340.78617,480.785,8762.844795,15351.25,0
198,F,PBS,26.52,0.1,381000,269.8125,1.70345197,7.562238,113.7109,17.64088,3,0,3,0,1,1,4,38.54238486,1275.6486,13.56875,25.80699584,14.22724825,19.11350844,18.49593496,2537.135407,575.1941,4625.961074,7930.625,0
199,F,PBS,26.46,0.06,657000,296.1875,1.447600527,35.302665,266.8171,47.30943,0,0,0,0,2,2,0,414.7250948,296.4742,12.1625,NA,NA,NA,NA,NA,299.0505,2069.185906,12431.875,0
200,F,PBS,21.36,0.07,211000,116.3125,0.009388959,5.093655,58.31024,13.68853,1,0,1,0,0,0,0,12.86592353,1493.4682,16.175,NA,NA,NA,NA,NA,321.9539,6532.253255,15261.25,0
201,F,10mg,30.53,0.12,147000,211.125,0.376931138,12.9586335,158.4258,20.21865,2,0,2,0,1,1,0,46.80397727,1223.7494,14.725,NA,NA,NA,NA,NA,571.0753,2470.274596,4772.5,3
202,F,10mg,28.66,0.08,369000,251.9375,0.469551388,15.713685,164.6574,23.15244,0,0,0,0,0,1,0,62.51420455,1595.1586,13.38125,NA,NA,NA,NA,NA,240.6445,1247.471829,8040.625,0
203,F,10mg,23.52,0.07,358000,197,0.008725354,8.987907,183.9509,30.29391,0,0,0,0,0,0,0,NA,752.793,12.60625,NA,NA,NA,NA,NA,94.96468,940.9472275,4627.5,0
204,F,10mg,24.1,0.08,117000,210.5,0.014792597,9.9161115,98.18053,19.02446,7,2,9,0,0,0,0,NA,822.9874,12.54375,NA,NA,NA,NA,NA,133.0516,5719.106521,2956.875,0
205,F,10mg,26.15,0.07,5200000,553.25,31.31332542,289.5204,79.64315,74.2397,315,265,580,0,0,1,2,73.32386364,2262.244,15.74375,NA,NA,NA,NA,NA,427.1234,802.1023975,4610,0
206,M,10mg,31.57,0.07,457000,223.0625,0.291894942,5.5248945,72.33994,3.464957,6,0,6,0,1,2,4,709.9289773,675.43,13.1125,6.654959862,9.699103713,625.3908693,617.4562226,362.6913148,625.5388,719.9261777,12146.25,0
207,M,10mg,35.18,0.07,2540000,430.25,16.1564232,58.392105,148.3123,60.83656,170,155,325,0,0,0,2,522.5426136,400.6722,13.05,NA,NA,NA,NA,NA,239.7917,5420.444835,14729.375,0
208,M,10mg,31.55,0.07,727000,287.1875,0.067027763,10.1212635,149.2551,8.007358,0,0,0,0,0,0,0,NA,262.682,11.74375,NA,NA,NA,NA,NA,183.7661,1722.391451,9333.75,0
209,M,10mg,32.44,0.06,716000,422.75,4.523858165,21.06291,177.1124,15.64799,1,0,1,0,0,0,0,NA,766.9804,11.90625,NA,NA,NA,NA,NA,497.8984,896.957921,11808.75,0
210,M,10mg,38.88,0.09,422000,492.6875,0.975049733,26.33013,114.3008,40.18364,42,15,57,0,1,1,1,66.10795455,201.971,12.26875,NA,NA,NA,NA,NA,212.6897,1835.879606,10633.125,0
211,M,10mg,32.26,0.1,6660000,884.625,38.46101271,80.366685,132.0801,97.00987,245,220,465,0,2,1,1,89.55965909,468.351,14.65,NA,NA,NA,NA,NA,517.9236,6973.010186,10000.625,0
212,M,10mg,37.1,0.13,1090000,574.875,15.31867994,132.35211,63.13119,56.9557,213,130,343,0,1,1,3,43.02556818,1360.6996,15.05,NA,NA,NA,NA,NA,782.0203,5251.018973,5525,0
213,M,10mg,36.63,0.07,1110000,500.0625,9.779046219,36.026745,138.5518,41.58358,267,127,394,0,2,1,1,105.1278409,588.2984,12.38125,NA,NA,NA,NA,NA,587.3738,4193.234034,15787.5,0
214,M,10mg,37.23,0.08,164000,222.5,0.446894029,12.472221,154.6925,16.44766,13,0,13,1,2,1,2,35.44034091,681.3524,22.55,NA,NA,NA,NA,NA,482.6776,1826.487243,7890.625,0
215,M,10mg,34.54,0.09,411000,344.375,0.82564403,9.289476,90.69385,15.44795,0,0,0,0,0,0,0,NA,286.9242,11.6125,NA,NA,NA,NA,NA,194.7549,1121.049462,8719.375,0
216,M,PBS,27.86,0.08,469000,328.6875,2.293179743,16.05426,87.01252,8.67063,0,0,0,0,0,0,0,9.245754766,244.2224,11.41875,NA,NA,NA,NA,NA,88.54201,195.8667167,11615.625,0
217,M,PBS,NA,NA,NA,NA,NA,NA,NA,NA,NA,NA,NA,0,1,NA,NA,NA,NA,#VALUE!,NA,NA,NA,NA,NA,NA,NA,NA,NA
218,M,PBS,30.55,0.05,557000,365.75,1.117288372,11.318364,99.30432,13.216,1.5,0,1.5,0,1,0,0,177.6178237,516.6816,13.275,NA,NA,NA,NA,NA,515.9895,2426.602041,10925,0
219,M,PBS,29.33,0.09,1310000,248.9375,3.807831459,9.373626,185.4229,39.30703,1,0,1,1,1,1,3,23.56642042,2308.87,14.43125,9.554605781,9.628432956,11.49937461,11.66353971,1208.953062,447.804,1976.377376,11792.5,0
220,M,PBS,29.21,0.08,868000,227,0,9.171939,143.1094,18.58048,0,0,0,0,0,0,0,15.90530264,683.6806,12.35,NA,NA,NA,NA,NA,394.4459,647.7601684,12852.5,0
221,M,PBS,32.45,0.06,762000,264.125,0.094593627,12.5799495,80.58247,4.691104,0,0,0,0,0,0,0,18.56703823,693.0436,12.30625,NA,NA,NA,NA,NA,187.2213,908.4533231,13768.75,0
222,M,PBS,NA,NA,NA,0,NA,NA,NA,NA,NA,NA,NA,0,0,0,0,NA,NA,11.5625,NA,NA,NA,NA,NA,226.1727,1105.927757,11378.75,NA
223,M,PBS,38.93,0.07,610000,226.4375,0.023365571,9.9673125,176.7674,26.21834,0,0,0,0,0,0,0,18.99156162,1353.1102,11.49375,NA,NA,NA,NA,NA,574.3694,943.8397275,9368.75,0
224,M,PBS,38.76,0.14,376000,254.125,0,7.004394,136.4497,31.60751,0,0,0,0,0,0,0,123.114443,284.7974,11.375,NA,NA,NA,NA,NA,234.875,313.9113276,15455,0
225,M,PBS,36.06,0.1,528000,366.4375,0.932166515,8.5727355,146.2397,22.22129,0,0,0,0,0,0,0,9.844775497,257.8556,11.45625,NA,NA,NA,NA,NA,187.0392,723.4411633,13071.25,0
226,F,10mg,29.95,0.14,6480000,1053,45.24735877,0,134.2067,100.9301,230,221,451,0,2,1,2,191.5198864,1289.3106,22.96875,8.167287844,13.36249822,378.3067542,385.7254534,557.8323806,401.9421,9665.526259,15023.75,2.9
227,F,10mg,35.45,0.09,1720000,562.3125,6.402031592,39.255375,206.5458,63.5822,95,80,175,0,1,2,3,667.9119318,1130.263,14.21875,24.53770069,16.72357377,625.3908693,599.1479049,1448.414162,279.036,7127.145435,5680,0
228,F,10mg,31.27,0.11,2740000,560.5,7.939543901,109.265415,121.1848,58.29123,215,118,333,0,0,0,1,334.2045455,746.472,13.05,9.848050459,12.01451131,620.9193246,69.07442151,297.9669924,624.1436,3537.894461,9359.375,0
229,F,10mg,25.35,0.07,2180000,723.25,25.31298362,86.192865,71.48523,61.44622,231,137,368,0,1,2,1,47.79829545,1480.3266,13.075,NA,NA,NA,NA,NA,550.9218,3572.054833,8095.625,0
230,F,10mg,27.18,0.15,1400000,460,5.055307801,51.271065,64.19563,43.87591,295,181,476,0,2,2,4,746.6903409,860.136,21.16875,9.478927752,35.4424527,625.3908693,625.3908693,763.6225337,899.9137,13355.81085,3707.5,0
231,F,10mg,28.28,0.2,1520000,785.875,34.78770125,33.0168,83.10683,19.24777,168,145,313,0,1,3,3,671.5625,893.9852,29.20625,16.48150803,43.3987765,623.2020013,546.9668543,3264.567583,1081.559,9458.718406,10373.75,0
232,F,10mg,26.34,0.09,704000,319.9375,NA,NA,NA,NA,0,0,0,0,2,0,0,35.92329545,646.8234,13.675,NA,NA,NA,NA,NA,289.6952,3097.516317,NA,0
233,F,10mg,35.15,0.11,316000,296.9375,0,29.349615,208.465,38.48283,0,0,0,0,0,0,0,NA,448.2394,12.66875,NA,NA,NA,NA,NA,251.4922,3177.175538,14472.5,0
234,F,10mg,24.96,0.08,246000,302.25,0,3.946008,111.8054,15.96603,0,0,0,0,1,0,0,30.79545455,879.8828,12.39375,NA,NA,NA,NA,NA,200.9514,932.7349008,8616.25,0
235,F,10mg,21.88,0.05,199000,385.875,0.105297843,9.7968765,100.4067,11.68856,16,1,17,0,0,0,0,NA,887.0374,10.825,NA,NA,NA,NA,NA,316.9442,1212.44991,13527.5,0
236,M,10mg,27.03,0.06,2700000,518.75,9.577056517,0,73.87774,35.39352,168,145,313,0,0,0,0,NA,161.2632,12.9125,NA,NA,NA,NA,NA,284.7468,6098.233316,10564.375,0
237,M,10mg,33.28,0.09,598000,277,0.019063877,17.89719,121.3818,22.90672,0,0,0,0,0,0,0,NA,229.2276,11.8125,NA,NA,NA,NA,NA,162.158,1207.687247,9515,0
238,M,10mg,35.09,0.08,2390000,725.5625,9.807461692,63.77484,197.7824,57.23396,90,92,182,0,0,1,4,721.2357955,724.26,12.73125,7.550888761,15.06259781,625.3908693,625.3908693,464.0650931,323.4602,7702.323315,11625,0
239,M,10mg,30.06,0.07,99700,210.625,0,18.81525,189.2973,17.78261,0,0,0,0,0,0,0,NA,1252.152,11.2875,NA,NA,NA,NA,NA,533.7082,1568.467047,7005.625,0
240,M,10mg,40.13,0.07,516000,325.5,2.419940592,13.9435485,217.5993,30.65345,0,0,0,0,0,0,0,NA,1228.385,11.51875,NA,NA,NA,NA,NA,450.3673,330.8475363,15218.75,0
241,M,10mg,28.8,0.05,323000,282.625,0.249654704,14.4418755,156.2143,27.77783,0,0,0,0,0,0,0,NA,917.1188,10.89375,NA,NA,NA,NA,NA,231.2932,802.1023975,14768.125,0
242,M,10mg,35.98,0.1,223000,235.1875,0.020664507,36.617415,422.8368,59.29437,0,0,0,0,0,0,0,NA,286.8688,16.29375,NA,NA,NA,NA,NA,144.6099,868.576944,10837.5,0
243,M,10mg,43.24,0.1,416000,273.8125,0,7.004394,80.92527,9.512422,0,0,0,0,0,0,0,NA,19.43818,12.60625,NA,NA,NA,NA,NA,384.9956,414.3096981,9118.125,0
244,M,10mg,28.28,0.3,258000,277.125,0.134609389,18.05274,258.855,31.45551,0,0,0,0,0,0,1,NA,13.65571,13.075,NA,NA,NA,NA,NA,297.1253,1217.868685,10579.375,0
245,M,10mg,30.92,0.04,252000,414.3125,0,11.68845,115.5077,17.51811,0,0,0,0,1,0,0,32.91193182,14.939154,12.38125,NA,NA,NA,NA,NA,412.0828,1938.089002,NA,0
246,M,PBS,28.67,0.07,211000,250.625,0.053177314,26.54187,159.7896,26.66731,0,0,0,0,0,0,0,24.5864273,37.65846,13.18125,NA,NA,NA,NA,NA,296.0896,3652.338279,13641.25,0
247,M,PBS,32.26,0.09,405000,283.375,0.00940322,10.2757215,274.3229,30.96137,1,0,1,0,0,0,0,11.13121534,80.92614,11.8375,NA,NA,NA,NA,NA,209.398,784.5466021,13326.875,0
248,M,PBS,33.13,0.05,598000,226.625,0.049575895,11.248173,135.3686,12.3149,0,0,0,1,0,0,1,56.23407495,43.49598,13.94375,NA,NA,NA,NA,NA,375.0315,3976.106177,10088.125,0
249,M,PBS,29.27,0.06,252000,233,0.645610665,5.6602695,127.7278,11.14433,0,0,0,0,0,0,0,8.828367328,85.60032,11.04375,NA,NA,NA,NA,NA,479.3392,598.0844238,15239.375,0
250,M,PBS,27.74,0.05,516000,388.625,0.809175091,0,156.0472,11.30775,0,0,0,0,2,0,0,17.24316195,8.1217,15.73125,NA,NA,NA,NA,NA,279.9932,1626.465275,11356.875,0
251,F,10mg,22.73,0.18,1430000,675.6875,24.33549507,117.05703,111.8003,42.00867,208,175,383,0,1,1,0,473.6931818,421.93,22.86875,21.77823968,57.94209703,625.3908693,625.3908693,4364.604462,1189.704,6696.236958,9135.625,0
252,F,10mg,31.43,0.12,3960000,732.1875,2.322782099,60.160815,305.1184,72.66105,220,168,388,0,0,0,3,636.9318182,5103.884,15.93125,8.65108945,12.20301608,615.7911194,612.1482176,2334.155449,1607.154,3248.67152,10998.125,0
253,F,10mg,25.64,0.08,2340000,455.75,2.501972125,64.452405,153.3891,41.41061,147,128,275,0,0,1,0,55.28409091,819.4724,15.3,NA,NA,NA,NA,NA,654.6207,6789.432004,8598.75,0
254,F,10mg,33.42,0.1,721000,437.375,2.613585825,42.446055,302.2563,44.29849,2,4,6,0,0,0,0,36.06534091,155.94154,13.05625,NA,NA,NA,NA,NA,1138.341,684.5366812,4298.125,0
255,F,10mg,26.21,0.09,4840000,869.75,20.95489322,109.835685,170.7523,64.21518,270,192,462,0,0,2,4,727.7840909,223.0924,17.95,16.5209289,15.5178546,625.3908693,625.3908693,3918.172598,474.1177,7885.348778,4975.625,0
256,F,10mg,31.79,0.1,463000,275.125,0.342691349,23.98851,84.22842,27.64792,0,0,0,0,1,0,0,NA,109.45006,12.9375,NA,NA,NA,NA,NA,346.0188,1244.631315,5706.875,0
257,F,10mg,33.48,0.1,727000,417.5625,0.561977724,31.11342,82.12051,75.98052,19,0,19,0,2,1,0,484.6448864,42.42768,14.39375,6.891485092,11.10755442,419.3011257,391.6432145,1227.756777,263.665,4040.828448,13270,0
258,F,10mg,37.36,0.1,3700000,562.125,4.277645535,71.44953,184.0879,87.05117,235,183,418,0,1,0,0,75.625,145.41002,16.6875,NA,NA,NA,NA,NA,249.1752,398.6352742,14395.625,0
259,F,10mg,38.69,0.06,405000,151.8125,0.200235238,36.89949,233.8104,28.71333,0,0,0,0,0,0,0,NA,67.3316,11.0875,NA,NA,NA,NA,NA,205.6515,86.54372664,6224.375,0
260,F,10mg,26.31,0.09,516000,327.3125,0.341590916,51.314925,459.106,68.32302,8,5,13,0,0,0,0,NA,194.65336,10.90625,NA,NA,NA,NA,NA,649.8724,108.953132,13996.25,0
261,M,10mg,30.3,0.1,65600000,4930.53244,6.892173086,418.9647,260.1233,229.3948,230,400,630,0,1,4,4,787.5341717,199.40196,16.8875,9.67603211,17.9435197,625.3908693,625.3908693,2560.828877,1567.043,4408.966565,10266.25,0
262,M,10mg,35.64,0.12,5520000,757.875,10.80393327,139.3101,154.222,103.6412,201,140,341,0,1,3,4,769.9425916,12.793474,15.1125,10.19208716,11.01508038,625.3908693,625.3908693,246.1737046,259.6985,5852.217178,6548.75,0
263,M,10mg,32.58,0.11,6000000,1024.375,16.37495246,177.9972,174.4219,45.60386,120,153,273,0,1,1,3,78.37616184,385.8538,44.70625,NA,NA,NA,NA,NA,911.2792,5586.08283,7806.875,0
264,M,10mg,37.29,0.09,5560000,856.8125,27.49239303,93.519345,341.4307,43.94941,121,105,226,0,0,0,0,NA,92.5373,12.91875,NA,NA,NA,NA,NA,396.7966,6174.294064,14904.375,0
265,M,10mg,31.54,0.12,4580000,675.1875,0,74.396955,143.1473,90.82439,200,113,313,0,4,3,3,720.9540733,27.06604,17.3375,9.79787844,19.20614597,620.4971857,569.0587867,1490.872211,473.3128,9568.80038,7831.25,0
266,M,10mg,27.4,0.12,88800000,890.0625,21.67408587,208.2855,388.4057,124.4863,254,271,525,0,2,0,2,144.9152542,660.5466,15.6125,NA,NA,NA,NA,NA,827.4284,6582.54878,14293.125,0
267,M,10mg,30.65,0.19,42700000,2947.4953,0,254.10795,2491.79,71.93502,365,375,740,0,3,2,4,742.18152,120.81174,61.24375,16.93305619,32.81049936,625.3908693,625.3908693,2314.516873,376.01,8350.601223,16093.125,0
268,M,10mg,42.42,0.09,4030000,1855.1875,0,173.9163,4148.663,40.33733,228,178,406,0,3,4,2,517.9469656,312.4788,75.6375,NA,NA,NA,NA,NA,1276.882,1771.338997,8048.75,3.5
269,M,10mg,30.42,0.11,4300000,605.0625,0,161.72925,235.5084,160.5366,320,188,508,0,3,2,3,687.3428103,74.16968,13.96875,19.18362959,12.48399488,471.2789243,287.4374609,1877.558547,818.1849,7752.870076,7759.375,2
270,M,10mg,39.75,0.06,399000,310.25,0,34.04727,141.4202,46.565,0,0,0,0,1,0,0,NA,6.196604,12.975,NA,NA,NA,NA,NA,192.1293,3545.242149,13051.25,0
271,F,PBS,31.38,0.09,182000,212.4375,0.055636439,26.1762,214.6756,35.33776,0,0,0,0,0,0,0,12.85290134,139.38946,11.75625,NA,NA,NA,NA,NA,393.6152,119.0081591,4042.5,0
272,F,PBS,34.56,0.07,1270000,301.5625,0,59.72628,99.23149,21.36415,0,0,0,0,0,0,0,15.46515262,50.42568,12.2125,NA,NA,NA,NA,NA,506.2754,563.1141049,14866.875,0
273,F,PBS,33.9,0.06,622000,232.9375,0.001371459,22.28487,239.31,67.5158,0,0,0,0,0,0,0,134.8159835,21.79224,12.225,NA,NA,NA,NA,NA,375.7447,2917.105642,10408.125,0
274,F,PBS,32.14,0.07,264000,234.3125,0,32.62449,141.3255,48.74793,2,0,2,0,0,0,2,21.67673716,30.07732,15.9625,14.07322011,11.7447496,26.80581614,32.59849906,418.823643,238.2038,529.3893371,4900.625,0
275,F,PBS,32.36,0.08,469000,312.0625,0,71.011065,1023.171,114.4689,0,0,0,0,0,0,3,541.0964833,77.15496,25.95,25.63547407,24.74959612,625.3908693,625.3908693,2283.755071,257.6379,354.7953566,11154.375,0
276,F,10mg,23.38,0.05,4400000,951.5,0,116.669295,195.5472,65.94943,72,134,206,0,0,0,3,664.6391471,196.05592,16.48125,57.34303326,19.39820743,625.3908693,583.3489681,1183.984879,556.1666,6790.114206,7007.5,0
277,F,10mg,28.14,0.13,26900000,3384.78562,0,310.96665,578.4949,136.5565,275,255,530,0,0,0,3,738.7233461,211.3018,18.58125,17.49569954,29.79086641,625.3908693,625.3908693,4320.279366,364.3494,7334.436435,15478.125,0
278,F,10mg,34.86,0.13,2770000,425.375,0.044286159,81.888465,128.5989,42.18787,108,83,191,0,3,0,0,41.88080919,63.4863,13.8875,NA,NA,NA,NA,NA,396.7287,4334.494402,8573.75,0
279,F,10mg,26.75,0.06,1340000,802.1875,1.002780479,91.38897,137.2095,44.66237,133,76,209,0,0,0,2,51.2438491,86.26978,13.39375,NA,NA,NA,NA,NA,325.8788,6233.920109,12958.75,0
280,F,10mg,30.12,0.11,4280000,661.6875,0,126.94242,135.1811,75.94774,223,142,365,0,1,0,0,NA,7629.506,12.44375,NA,NA,NA,NA,NA,579.3497,3686.620404,15410.625,0
281,F,10mg,24.54,0.08,3470000,1269.9375,0,224.14785,331.9778,70.64189,135,123,258,0,1,0,2,98.81082559,711.8522,17.5875,NA,NA,NA,NA,NA,670.5991,9311.231249,11608.125,0
282,F,10mg,29.62,0.11,1380000,548.875,0,111.34812,51.76462,79.81983,200,164,364,0,0,0,3,74.6172772,5041.976,14.88125,NA,NA,NA,NA,NA,1295.008,4621.755769,5894.375,0
283,F,10mg,31.96,0.07,979000,405.8125,0,75.6846,128.6545,33.76975,135,95,230,0,0,1,0,44.17714598,209.0268,12.36875,NA,NA,NA,NA,NA,227.1425,4198.455879,9328.125,0
284,F,10mg,28.03,0.08,592000,278.6875,0,31.56645,390.3807,56.01611,0,0,0,0,1,1,2,63.64133406,118.0294,13.8375,NA,NA,NA,NA,NA,193.2608,4326.905141,13742.5,0
285,F,10mg,27.35,0.04,411000,446.4375,0.102858806,34.168455,114.8604,35.31804,0,0,0,0,0,0,0,NA,2396.766,11.8125,NA,NA,NA,NA,NA,396.051,2192.647166,11835.625,0
286,M,10mg,38.62,0.13,1640000,400.1875,0,57.122265,280.1584,91.7367,160,103,263,0,2,1,0,533.1055221,856.5322,21.19375,NA,NA,NA,NA,NA,716.4681,3692.912901,9195,0
287,M,10mg,35.17,0.13,19400000,873.4375,0,128.861715,212.7213,47.84567,342,295,637,0,2,2,0,605.1940951,663.881,14.4125,NA,NA,NA,NA,NA,756.349,7296.569364,14678.75,0
288,M,10mg,32.41,0.09,14400000,1041.125,8.589080818,303.44985,228.2098,37.61267,390,330,720,0,3,0,2,597.4576271,483.8692,14.55625,NA,NA,NA,NA,NA,435.2478,6684.879155,15206.25,0
289,M,10mg,27.45,0.11,47600000,788,27.01693669,223.4271,237.8158,77.94852,220,285,505,0,1,0,3,95.37998907,1093.4504,14.1875,NA,NA,NA,NA,NA,858.5042,6603.494136,15489.375,0
290,M,10mg,33.46,0.09,14200000,1466.625,72.79206479,220.1355,795.6085,119.8556,283,265,548,0,3,2,0,46.13176599,94.36716,13.45625,NA,NA,NA,NA,NA,254.2742,3283.831039,8592.5,0
291,M,10mg,28.91,0.09,15200000,1384.375,12.18358259,146.334075,255.1556,66.07006,145,140,285,0,0,0,1,59.07599781,247.9074,15.48125,NA,NA,NA,NA,NA,418.8813,4960.222908,12570,0
292,M,10mg,34.99,0.05,6330000,907.125,6.500422294,252.714,478.8102,76.77462,260,210,470,0,0,0,2,654.6610169,110.56118,16.7125,NA,NA,NA,NA,NA,267.4223,2799.426676,14187.5,0
293,M,10mg,NA,NA,NA,NA,NA,NA,NA,NA,NA,NA,NA,NA,NA,NA,NA,NA,NA,#VALUE!,NA,NA,NA,NA,NA,NA,NA,NA,NA
294,M,10mg,NA,NA,NA,NA,NA,NA,NA,NA,NA,NA,NA,NA,NA,NA,NA,NA,NA,#VALUE!,NA,NA,NA,NA,NA,NA,NA,NA,NA
295,M,10mg,26.74,0.1,26300000,1681.1875,5.66612238,222.22635,148.0655,24.34599,367,328,695,0,3,4,3,50.88846364,329.7222,14.0875,NA,NA,NA,NA,NA,471.4862,6504.800885,14419.375,0
296,F,PBS,30.93,0.12,235000,336.5,0.044425142,15.662325,51.56459,4.599486,0,0,0,0,0,0,0,30.12813835,4184.024,11.96875,NA,NA,NA,NA,NA,1755.467,2460.677379,13808.125,0
297,F,PBS,19.61,0.04,199000,386.4375,4.187288423,12.4243905,56.50084,7.571963,0,0,0,0,0,0,0,12.93363892,248.58,11.28125,NA,NA,NA,NA,NA,167.2889,NA,10862.5,0
298,F,PBS,43.52,0.07,469000,488.5,2.986480861,25.246395,108.818,15.6077,0,0,0,0,2,0,0,15.85321388,732.2728,13.6875,NA,NA,NA,NA,NA,515.8098,3854.558176,1813.125,0
299,F,PBS,23.04,0.08,240000,312.4375,0.132240169,48.26865,407.5976,50.97524,0,0,0,0,3,2,3,595.5803228,325.7652,12.9875,9.023169497,16.01238557,625.3908693,625.3908693,361.237203,425.8427,2553.323572,11541.875,0
300,F,PBS,26.24,0.08,364000,382.875,0.282529612,38.237535,59.91901,6.699912,0,0,0,0,0,0,0,15.48598812,286.4994,13.575,NA,NA,NA,NA,NA,204.81,1896.854595,7373.125,0
301,F,10mg,25.24,0.06,645000,797.6875,28.29183445,23.569695,41.64396,9.662705,28,15,43,0,0,0,0,36.26298524,121.32894,12.29375,NA,NA,NA,NA,NA,485.5955,3284.383758,9050,0
302,F,10mg,28.14,0.12,1020000,437.1875,0.093876861,83.372685,72.47723,21.97355,62,12,74,0,1,0,1,86.71405139,220.316,14.56875,NA,NA,NA,NA,NA,559.1587,1670.636438,9373.75,0
303,F,10mg,26.51,0.08,223000,343.5,0,20.019915,99.20464,18.47183,1,0,1,0,1,0,0,NA,153.79572,12.73125,NA,NA,NA,NA,NA,206.4942,NA,11611.875,0
304,F,10mg,26.02,0.08,3050000,1069.9375,0.859736722,136.03794,178.6878,56.44501,411,295,706,0,2,1,2,381.1645708,187.3481,19.6125,8.206708716,15.88063736,37.5547217,19.81707317,2236.999816,373.2955,6664.235283,13109.375,0.5
305,F,10mg,28.66,0.08,381000,496,0.42288819,44.09763,93.36992,17.37023,98,57,155,0,1,0,0,62.97156916,212.8406,14.58125,NA,NA,NA,NA,NA,305.8552,1326.637468,8810.625,0
306,F,10mg,23.06,0.05,3120000,955.1875,0.645870266,217.49955,106.4095,71.35618,374,125,499,0,1,0,0,152.4740295,247.5046,15.46875,NA,NA,NA,NA,NA,287.2838,5753.139343,11544.375,0
307,F,10mg,24.74,0.12,23300000,1173.875,43.20261245,204.91815,68.8587,58.15685,385,160,545,0,1,4,2,753.2394751,342.4926,16.28125,25.42646216,22.69881918,625.3908693,625.3908693,2369.421907,566.4336,8878.366996,11833.125,3
308,F,10mg,25.44,0.07,4160000,1570.375,8.591288918,149.329635,192.8232,76.33315,265,160,425,0,1,1,2,129.0049207,580.4504,24.4375,NA,NA,NA,NA,NA,683.6386,7253.743281,11629.375,3
309,F,10mg,33.26,0.11,428000,387.125,0.001371459,28.279875,82.26839,10.84913,4,0,4,1,1,0,1,36.41334062,1140.0656,19.39375,NA,NA,NA,NA,NA,1108.941,4522.015057,7562.5,0.5
310,F,10mg,19.01,0.07,3820000,1015.375,4.186937823,189.58755,74.28869,67.32975,173,75,248,0,0,0,2,680.2351011,734.4936,12.125,9.962729358,12.66894295,625.3908693,625.3908693,547.6673428,427.1009,2564.8727,6973.125,0
311,M,10mg,34.21,0.11,334000,501.125,1.491136612,25.606185,101.1661,22.96308,85,42,127,0,0,0,4,734.8687808,370.0984,17.08125,32.04558486,40.90197752,625.3908693,625.3908693,687.9033745,492.4213,4979.12359,14989.375,0
312,M,10mg,40.94,0.12,6380000,904.6875,7.01401738,161.16525,170.4363,82.26995,333,235,568,0,1,2,3,669.177146,421.6508,23.46875,10.24225917,12.22079954,625.3908693,625.3908693,788.1707542,766.6046,479.8102218,15434.375,0
313,M,10mg,35.5,0.14,2110000,827.5625,37.74892846,106.783065,260.899,57.10756,165,190,355,0,0,2,2,527.3646802,57.29112,11.58125,NA,NA,NA,NA,NA,226.4338,2559.304922,8826.25,0
314,M,10mg,32.76,0.08,1570000,843.4375,10.19776497,96.067095,73.33399,55.66155,203,150,353,0,4,3,4,717.6735921,455.4268,15.2875,10.8694094,27.24427372,625.3908693,625.3908693,3052.415637,331.7188,5724.392141,15101.25,0
315,M,10mg,35.72,0.12,252000,252.0625,4.492791279,38.48103,137.9618,19.0064,0,0,0,0,0,0,0,94.68288682,62.76604,12.2625,NA,NA,NA,NA,NA,243.9466,NA,7560,0
316,M,10mg,33.36,0.07,1770000,521.375,4.728472807,55.76049,95.57573,23.30197,108,50,158,0,0,0,0,NA,80.06042,12.825,NA,NA,NA,NA,NA,219.175,2189.317322,15353.125,0
317,M,10mg,32.19,0.08,3940000,898.0625,5.691872737,127.10499,204.8966,24.31046,240,215,455,0,1,0,0,333.5155823,144.87996,13.19375,NA,NA,NA,NA,NA,355.6868,5974.721808,15666.875,0
318,M,10mg,37.21,0.06,3360000,678.4375,5.005501971,62.14926,68.21505,38.1508,195,175,370,0,1,2,4,729.4969929,130.64916,12.6125,20.78913417,11.25693555,625.3908693,625.3908693,483.9111193,299.5338,4365.784886,14395.625,0
319,M,10mg,31.36,0.13,4040000,550.0625,4.046236805,45.10824,61.40776,35.25895,51,150,201,0,0,0,3,713.2996173,223.1222,11.825,6.791141055,9.731113956,625.3908693,321.7323327,742.7392587,332.1601,715.0471736,11529.375,0
320,M,10mg,31.72,0.1,6520000,896.125,44.7676072,214.4232,157.4637,57.20789,142,175,317,0,0,2,1,48.57845817,51.36194,12.7875,NA,NA,NA,NA,NA,242.7716,3618.535435,14044.375,0
